{
  "termDistinctivenessMap": {
    "1115": 1.876922063647339, 
    "bessy": 1.8769220636473396, 
    "big": 1.8769220636473394, 
    "cow": 1.228053318187704, 
    "farm": 1.8769220636473394, 
    "franklin": 1.8769220636473396, 
    "i'm": 1.0231684665520167, 
    "jumped": 1.8769220636473396, 
    "look,": 1.8769220636473392, 
    "moon": 1.8769220636473392, 
    "next?": 1.8769220636473392, 
    "text": 1.8769220636473396
  }, 
  "termOrderMap": {
    "bessy": 2, 
    "big": 0, 
    "cow": 3, 
    "farm": 1, 
    "jumped": 4, 
    "moon": 5
  }, 
  "termRankMap": {
    "bessy": 3, 
    "big": 4, 
    "cow": 0, 
    "farm": 5, 
    "jumped": 1, 
    "moon": 2
  }, 
  "termSaliencyMap": {
    "1115": 2.2523064763768073, 
    "bessy": 2.2523064763768073, 
    "big": 2.2523064763768077, 
    "cow": 2.7017173000129437, 
    "farm": 2.2523064763768077, 
    "franklin": 2.2523064763768073, 
    "i'm": 1.2278021598624203, 
    "jumped": 2.2523064763768073, 
    "look,": 2.2523064763768073, 
    "moon": 2.2523064763768073, 
    "next?": 2.2523064763768073, 
    "text": 2.2523064763768073
  }
}